fuente,variable,tipo,warming_level,rcp_equivalente,estado,archivo_csv,archivo_tif
CIE_v2,rx1day,agudo,1.5,rcp26,ok,data_cie_colombia/rx1day/rx1day_wl1p5.csv,data_cie_colombia/rx1day/rx1day_wl1p5.tif
CIE_v2,rx1day,agudo,3.0,rcp85,ok,data_cie_colombia/rx1day/rx1day_wl3p0.csv,data_cie_colombia/rx1day/rx1day_wl3p0.tif
CIE_v2,rx5day,agudo,1.5,rcp26,ok,data_cie_colombia/rx5day/rx5day_wl1p5.csv,data_cie_colombia/rx5day/rx5day_wl1p5.tif
CIE_v2,rx5day,agudo,3.0,rcp85,ok,data_cie_colombia/rx5day/rx5day_wl3p0.csv,data_cie_colombia/rx5day/rx5day_wl3p0.tif
CIE_v2,TXx,agudo,1.5,rcp26,ok,data_cie_colombia/TXx/TXx_wl1p5.csv,data_cie_colombia/TXx/TXx_wl1p5.tif
CIE_v2,TXx,agudo,3.0,rcp85,ok,data_cie_colombia/TXx/TXx_wl3p0.csv,data_cie_colombia/TXx/TXx_wl3p0.tif
CIE_v2,HI-danger,agudo,1.5,rcp26,ok,data_cie_colombia/HI-danger/HI-danger_wl1p5.csv,data_cie_colombia/HI-danger/HI-danger_wl1p5.tif
CIE_v2,HI-danger,agudo,3.0,rcp85,ok,data_cie_colombia/HI-danger/HI-danger_wl3p0.csv,data_cie_colombia/HI-danger/HI-danger_wl3p0.tif
CIE_v2,consecutive_dry_days,agudo,1.5,rcp26,ok,data_cie_colombia/consecutive_dry_days/consecutive_dry_days_wl1p5.csv,data_cie_colombia/consecutive_dry_days/consecutive_dry_days_wl1p5.tif
CIE_v2,consecutive_dry_days,agudo,3.0,rcp85,ok,data_cie_colombia/consecutive_dry_days/consecutive_dry_days_wl3p0.csv,data_cie_colombia/consecutive_dry_days/consecutive_dry_days_wl3p0.tif
CIE_v2,fwixd,agudo,1.5,rcp26,ok,data_cie_colombia/fwixd/fwixd_wl1p5.csv,data_cie_colombia/fwixd/fwixd_wl1p5.tif
CIE_v2,fwixd,agudo,3.0,rcp85,ok,data_cie_colombia/fwixd/fwixd_wl3p0.csv,data_cie_colombia/fwixd/fwixd_wl3p0.tif
CIE_v2,tasAdjust,cronico,1.5,rcp26,ok,data_cie_colombia/tasAdjust/tasAdjust_wl1p5.csv,data_cie_colombia/tasAdjust/tasAdjust_wl1p5.tif
CIE_v2,tasAdjust,cronico,3.0,rcp85,ok,data_cie_colombia/tasAdjust/tasAdjust_wl3p0.csv,data_cie_colombia/tasAdjust/tasAdjust_wl3p0.tif
CIE_v2,prAdjust,cronico,1.5,rcp26,ok,data_cie_colombia/prAdjust/prAdjust_wl1p5.csv,data_cie_colombia/prAdjust/prAdjust_wl1p5.tif
CIE_v2,prAdjust,cronico,3.0,rcp85,ok,data_cie_colombia/prAdjust/prAdjust_wl3p0.csv,data_cie_colombia/prAdjust/prAdjust_wl3p0.tif
CIE_v2,wsi,cronico,1.5,rcp26,ok,data_cie_colombia/wsi/wsi_wl1p5.csv,data_cie_colombia/wsi/wsi_wl1p5.tif
CIE_v2,wsi,cronico,3.0,rcp85,ok,data_cie_colombia/wsi/wsi_wl3p0.csv,data_cie_colombia/wsi/wsi_wl3p0.tif
CIE_v2,spei_gamma_12,cronico,1.5,rcp26,ok,data_cie_colombia/spei_gamma_12/spei_gamma_12_wl1p5.csv,data_cie_colombia/spei_gamma_12/spei_gamma_12_wl1p5.tif
CIE_v2,spei_gamma_12,cronico,3.0,rcp85,ok,data_cie_colombia/spei_gamma_12/spei_gamma_12_wl3p0.csv,data_cie_colombia/spei_gamma_12/spei_gamma_12_wl3p0.tif
CIE_v2,labour-productivity-loss,cronico,1.5,rcp26,ok,data_cie_colombia/labour-productivity-loss/labour-productivity-loss_wl1p5.csv,data_cie_colombia/labour-productivity-loss/labour-productivity-loss_wl1p5.tif
CIE_v2,labour-productivity-loss,cronico,3.0,rcp85,ok,data_cie_colombia/labour-productivity-loss/labour-productivity-loss_wl3p0.csv,data_cie_colombia/labour-productivity-loss/labour-productivity-loss_wl3p0.tif
CIE_v2,dis,cronico,1.5,rcp26,ok,data_cie_colombia/dis/dis_wl1p5.csv,data_cie_colombia/dis/dis_wl1p5.tif
CIE_v2,dis,cronico,3.0,rcp85,ok,data_cie_colombia/dis/dis_wl3p0.csv,data_cie_colombia/dis/dis_wl3p0.tif
