"archivo","n_validas","min","max","estado"
"data_cie_colombia/consecutive_dry_days/consecutive_dry_days_wl1p5.tif",464,-5.18075799942017,5.30355453491211,"ok"
"data_cie_colombia/consecutive_dry_days/consecutive_dry_days_wl3p0.tif",464,-3.97469806671143,13.3484020233154,"ok"
"data_cie_colombia/dis/dis_wl1p5.tif",443,-18.2426776885986,14.829306602478,"ok"
"data_cie_colombia/dis/dis_wl3p0.tif",443,-50.3072624206543,8.74530696868896,"ok"
"data_cie_colombia/fwixd/fwixd_wl1p5.tif",464,-5.00741863250732,27.2855701446533,"ok"
"data_cie_colombia/fwixd/fwixd_wl3p0.tif",464,-3.93598771095276,60.7783660888672,"ok"
"data_cie_colombia/HI-danger/HI-danger_wl1p5.tif",464,0,60.2142868041992,"ok"
"data_cie_colombia/HI-danger/HI-danger_wl3p0.tif",464,0,269.887390136719,"ok"
"data_cie_colombia/labour-productivity-loss/labour-productivity-loss_wl1p5.tif",464,0.18153603374958,2.02404165267944,"ok"
"data_cie_colombia/labour-productivity-loss/labour-productivity-loss_wl3p0.tif",464,1.07268691062927,11.4806690216064,"ok"
"data_cie_colombia/prAdjust/prAdjust_wl1p5.tif",464,-0.120832100510597,0.592913627624512,"ok"
"data_cie_colombia/prAdjust/prAdjust_wl3p0.tif",464,-0.544719576835632,1.33453142642975,"ok"
"data_cie_colombia/rx1day/rx1day_wl1p5.tif",464,-4.41570472717285,11.1647834777832,"ok"
"data_cie_colombia/rx1day/rx1day_wl3p0.tif",464,-2.78332233428955,23.2901153564453,"ok"
"data_cie_colombia/rx5day/rx5day_wl1p5.tif",464,-1.72298383712769,9.91600036621094,"ok"
"data_cie_colombia/rx5day/rx5day_wl3p0.tif",464,-10.6831932067871,17.9668483734131,"ok"
"data_cie_colombia/spei_gamma_12/spei_gamma_12_wl1p5.tif",464,-0.713238894939423,0.169761970639229,"ok"
"data_cie_colombia/spei_gamma_12/spei_gamma_12_wl3p0.tif",464,-2.41681432723999,-0.207888036966324,"ok"
"data_cie_colombia/tasAdjust/tasAdjust_wl1p5.tif",464,0.426110059022903,0.631896495819092,"ok"
"data_cie_colombia/tasAdjust/tasAdjust_wl3p0.tif",464,1.60922539234161,2.62381672859192,"ok"
"data_cie_colombia/TXx/TXx_wl1p5.tif",464,0.332551419734955,0.935503780841827,"ok"
"data_cie_colombia/TXx/TXx_wl3p0.tif",464,1.59282290935516,4.26287364959717,"ok"
"data_cie_colombia/wsi/wsi_wl1p5.tif",443,-0.066744402050972,0.16078032553196,"ok"
"data_cie_colombia/wsi/wsi_wl3p0.tif",443,-0.000787826138548553,0.295932233333588,"ok"
"flood_giri_colombia/rcp26/flood_rcp26_RP100.tif",703632,1,9579,"ok"
"flood_giri_colombia/rcp26/flood_rcp26_RP25.tif",649486,1,8989,"ok"
"flood_giri_colombia/rcp26/flood_rcp26_RP50.tif",678003,1,9309,"ok"
"flood_giri_colombia/rcp26/flood_rcp26_RP500.tif",759838,1,10069,"ok"
"flood_giri_colombia/rcp85/flood_rcp85_RP100.tif",712661,1,8625,"ok"
"flood_giri_colombia/rcp85/flood_rcp85_RP25.tif",642892,1,8108,"ok"
"flood_giri_colombia/rcp85/flood_rcp85_RP50.tif",678127,1,8251,"ok"
"flood_giri_colombia/rcp85/flood_rcp85_RP500.tif",798599,1,9596,"ok"
