lat,lon,value,variable,tipo,warming_level
-4.5,-70.5,-2.165465856996697,spei_gamma_12,cronico,3.0
-4.5,-70,-2.0793764038290536,spei_gamma_12,cronico,3.0
-4,-71,-2.0536376883980987,spei_gamma_12,cronico,3.0
-4,-70.5,-2.2728683532003995,spei_gamma_12,cronico,3.0
-4,-70,-2.0358348476050576,spei_gamma_12,cronico,3.0
-3.5,-71,-2.018589847305123,spei_gamma_12,cronico,3.0
-3.5,-70.5,-2.2743553715267733,spei_gamma_12,cronico,3.0
-3.5,-70,-2.139560752595023,spei_gamma_12,cronico,3.0
-3,-70.5,-2.089515866395028,spei_gamma_12,cronico,3.0
-3,-70,-2.1192243397554225,spei_gamma_12,cronico,3.0
-2.5,-73.5,-1.8900287358079504,spei_gamma_12,cronico,3.0
-2.5,-73,-1.7905873691442673,spei_gamma_12,cronico,3.0
-2.5,-72.5,-1.7666639220700875,spei_gamma_12,cronico,3.0
-2.5,-72,-1.6743438676124522,spei_gamma_12,cronico,3.0
-2.5,-71.5,-1.7665305641791875,spei_gamma_12,cronico,3.0
-2.5,-71,-1.7261525464680405,spei_gamma_12,cronico,3.0
-2.5,-70.5,-1.7862261059511677,spei_gamma_12,cronico,3.0
-2.5,-70,-1.7246856031675493,spei_gamma_12,cronico,3.0
-2,-74,-2.0306920635251235,spei_gamma_12,cronico,3.0
-2,-73.5,-1.9905531785842068,spei_gamma_12,cronico,3.0
-2,-73,-2.015170294502417,spei_gamma_12,cronico,3.0
-2,-72.5,-1.8494791670403263,spei_gamma_12,cronico,3.0
-2,-72,-1.83885392933906,spei_gamma_12,cronico,3.0
-2,-71.5,-1.6912468198023478,spei_gamma_12,cronico,3.0
-2,-71,-1.4504711022811572,spei_gamma_12,cronico,3.0
-2,-70.5,-1.434046005243779,spei_gamma_12,cronico,3.0
-2,-70,-1.5633794171259214,spei_gamma_12,cronico,3.0
-2,-69.5,-1.5417298034474445,spei_gamma_12,cronico,3.0
-1.5,-74.5,-1.8817606222176384,spei_gamma_12,cronico,3.0
-1.5,-74,-2.0255038131063756,spei_gamma_12,cronico,3.0
-1.5,-73.5,-1.9072493256765108,spei_gamma_12,cronico,3.0
-1.5,-73,-1.9438958173358285,spei_gamma_12,cronico,3.0
-1.5,-72.5,-1.9153349101789103,spei_gamma_12,cronico,3.0
-1.5,-72,-1.688883827930936,spei_gamma_12,cronico,3.0
-1.5,-71.5,-1.366150433230929,spei_gamma_12,cronico,3.0
-1.5,-71,-1.2723882891736782,spei_gamma_12,cronico,3.0
-1.5,-70.5,-1.4133076703473495,spei_gamma_12,cronico,3.0
-1.5,-70,-1.4882990489639978,spei_gamma_12,cronico,3.0
-1.5,-69.5,-1.5082217722221167,spei_gamma_12,cronico,3.0
-1,-74.5,-1.986574344388436,spei_gamma_12,cronico,3.0
-1,-74,-1.798885672689647,spei_gamma_12,cronico,3.0
-1,-73.5,-1.6411246352652795,spei_gamma_12,cronico,3.0
-1,-73,-1.7138361318345163,spei_gamma_12,cronico,3.0
-1,-72.5,-1.8219263450246148,spei_gamma_12,cronico,3.0
-1,-72,-1.4939415449662314,spei_gamma_12,cronico,3.0
-1,-71.5,-1.282068514120294,spei_gamma_12,cronico,3.0
-1,-71,-1.4390686270314637,spei_gamma_12,cronico,3.0
-1,-70.5,-1.4761959719993307,spei_gamma_12,cronico,3.0
-1,-70,-1.6854249263411132,spei_gamma_12,cronico,3.0
-1,-69.5,-1.577875191229028,spei_gamma_12,cronico,3.0
-0.5,-76,-1.5681221592609815,spei_gamma_12,cronico,3.0
-0.5,-75.5,-1.7661335684128212,spei_gamma_12,cronico,3.0
-0.5,-75,-1.917210299605399,spei_gamma_12,cronico,3.0
-0.5,-74.5,-1.9284431714090071,spei_gamma_12,cronico,3.0
-0.5,-74,-1.667959654830334,spei_gamma_12,cronico,3.0
-0.5,-73.5,-1.6481618457924572,spei_gamma_12,cronico,3.0
-0.5,-73,-1.796367415114308,spei_gamma_12,cronico,3.0
-0.5,-72.5,-1.7134114272213188,spei_gamma_12,cronico,3.0
-0.5,-72,-1.6240987802114464,spei_gamma_12,cronico,3.0
-0.5,-71.5,-1.387754041592426,spei_gamma_12,cronico,3.0
-0.5,-71,-1.3998296373705996,spei_gamma_12,cronico,3.0
-0.5,-70.5,-1.4559567496742918,spei_gamma_12,cronico,3.0
-0.5,-70,-1.766761278987547,spei_gamma_12,cronico,3.0
0,-77.5,-0.9905894037971568,spei_gamma_12,cronico,3.0
0,-77,-1.1323520339101711,spei_gamma_12,cronico,3.0
0,-76.5,-1.274996732751729,spei_gamma_12,cronico,3.0
0,-76,-1.530779761828688,spei_gamma_12,cronico,3.0
0,-75.5,-1.7299595033478825,spei_gamma_12,cronico,3.0
0,-75,-1.5771349308779736,spei_gamma_12,cronico,3.0
0,-74.5,-1.7559836967585132,spei_gamma_12,cronico,3.0
0,-74,-1.635730418322451,spei_gamma_12,cronico,3.0
0,-73.5,-1.6326927798752064,spei_gamma_12,cronico,3.0
0,-73,-1.7229566195405472,spei_gamma_12,cronico,3.0
0,-72.5,-1.59173421216015,spei_gamma_12,cronico,3.0
0,-72,-1.5654316015793743,spei_gamma_12,cronico,3.0
0,-71.5,-1.5146905766691023,spei_gamma_12,cronico,3.0
0,-71,-1.5038062073092866,spei_gamma_12,cronico,3.0
0,-70.5,-1.6528104004419562,spei_gamma_12,cronico,3.0
0.5,-78.5,-0.9399711504500368,spei_gamma_12,cronico,3.0
0.5,-78,-1.3072728459137144,spei_gamma_12,cronico,3.0
0.5,-77.5,-0.9124102785386566,spei_gamma_12,cronico,3.0
0.5,-77,-0.7415335588149322,spei_gamma_12,cronico,3.0
0.5,-76.5,-0.8928257500340432,spei_gamma_12,cronico,3.0
0.5,-76,-1.1993705089344344,spei_gamma_12,cronico,3.0
0.5,-75.5,-1.394431101155208,spei_gamma_12,cronico,3.0
0.5,-75,-1.4736886982257316,spei_gamma_12,cronico,3.0
0.5,-74.5,-1.543007378223955,spei_gamma_12,cronico,3.0
0.5,-74,-1.5567185187510393,spei_gamma_12,cronico,3.0
0.5,-73.5,-1.606190324185983,spei_gamma_12,cronico,3.0
0.5,-73,-1.7384069668634787,spei_gamma_12,cronico,3.0
0.5,-72.5,-1.536655905727125,spei_gamma_12,cronico,3.0
0.5,-72,-1.5369106762809452,spei_gamma_12,cronico,3.0
0.5,-71.5,-1.420025024027146,spei_gamma_12,cronico,3.0
0.5,-71,-1.5558780459095227,spei_gamma_12,cronico,3.0
0.5,-70.5,-1.507434424899343,spei_gamma_12,cronico,3.0
0.5,-70,-1.3100350919279542,spei_gamma_12,cronico,3.0
0.5,-69.5,-1.2851800149463626,spei_gamma_12,cronico,3.0
1,-79,-0.9467426154548696,spei_gamma_12,cronico,3.0
1,-78.5,-0.20788804298276223,spei_gamma_12,cronico,3.0
1,-78,-0.7273057815011861,spei_gamma_12,cronico,3.0
1,-77.5,-1.272737111931296,spei_gamma_12,cronico,3.0
1,-77,-0.5875319134558233,spei_gamma_12,cronico,3.0
1,-76.5,-0.6444299455706951,spei_gamma_12,cronico,3.0
1,-76,-1.0055746316453966,spei_gamma_12,cronico,3.0
1,-75.5,-1.2761183939308351,spei_gamma_12,cronico,3.0
1,-75,-1.2835813445724658,spei_gamma_12,cronico,3.0
1,-74.5,-1.6019989548015587,spei_gamma_12,cronico,3.0
1,-74,-1.60069263721242,spei_gamma_12,cronico,3.0
1,-73.5,-1.529495209014394,spei_gamma_12,cronico,3.0
1,-73,-1.7464797214569696,spei_gamma_12,cronico,3.0
1,-72.5,-1.6950219722437054,spei_gamma_12,cronico,3.0
1,-72,-1.8179517198246813,spei_gamma_12,cronico,3.0
1,-71.5,-1.5995082513060572,spei_gamma_12,cronico,3.0
1,-71,-1.619943942803889,spei_gamma_12,cronico,3.0
1,-70.5,-1.4526160300302284,spei_gamma_12,cronico,3.0
1,-70,-1.176287441171272,spei_gamma_12,cronico,3.0
1,-69.5,-1.2403501111477715,spei_gamma_12,cronico,3.0
1,-67.5,-1.5466481038712518,spei_gamma_12,cronico,3.0
1,-67,-1.5032558155793576,spei_gamma_12,cronico,3.0
1.5,-79.5,-1.0012391723139575,spei_gamma_12,cronico,3.0
1.5,-79,-0.7438841404290257,spei_gamma_12,cronico,3.0
1.5,-78.5,-0.576644075301906,spei_gamma_12,cronico,3.0
1.5,-78,-1.0156797361776526,spei_gamma_12,cronico,3.0
1.5,-77.5,-1.4611654012108666,spei_gamma_12,cronico,3.0
1.5,-77,-1.168187374397709,spei_gamma_12,cronico,3.0
1.5,-76.5,-1.0376663784947069,spei_gamma_12,cronico,3.0
1.5,-76,-0.6729481968587413,spei_gamma_12,cronico,3.0
1.5,-75.5,-0.9704962210118664,spei_gamma_12,cronico,3.0
1.5,-75,-1.1915811447135585,spei_gamma_12,cronico,3.0
1.5,-74.5,-1.5705485812304896,spei_gamma_12,cronico,3.0
1.5,-74,-1.5343308377500051,spei_gamma_12,cronico,3.0
1.5,-73.5,-1.493572674286823,spei_gamma_12,cronico,3.0
1.5,-73,-1.6413843158497368,spei_gamma_12,cronico,3.0
1.5,-72.5,-1.6206298234447436,spei_gamma_12,cronico,3.0
1.5,-72,-1.3946284101004225,spei_gamma_12,cronico,3.0
1.5,-71.5,-1.6225055561901476,spei_gamma_12,cronico,3.0
1.5,-71,-1.7628293174288197,spei_gamma_12,cronico,3.0
1.5,-70.5,-1.4058244375039637,spei_gamma_12,cronico,3.0
1.5,-70,-1.3059196396713535,spei_gamma_12,cronico,3.0
1.5,-69.5,-1.437836861604393,spei_gamma_12,cronico,3.0
1.5,-69,-1.4018956520450685,spei_gamma_12,cronico,3.0
1.5,-68.5,-1.1533885984483074,spei_gamma_12,cronico,3.0
1.5,-68,-1.2436377302215265,spei_gamma_12,cronico,3.0
1.5,-67.5,-1.3103371379609388,spei_gamma_12,cronico,3.0
1.5,-67,-1.4335167944383669,spei_gamma_12,cronico,3.0
2,-79,-0.8335935448000207,spei_gamma_12,cronico,3.0
2,-78.5,-0.6939475573949028,spei_gamma_12,cronico,3.0
2,-78,-0.6895097342124125,spei_gamma_12,cronico,3.0
2,-77.5,-0.3690524291395165,spei_gamma_12,cronico,3.0
2,-77,-1.0120708097011275,spei_gamma_12,cronico,3.0
2,-76.5,-1.2096743106035557,spei_gamma_12,cronico,3.0
2,-76,-1.454023112784932,spei_gamma_12,cronico,3.0
2,-75.5,-1.4174712122233273,spei_gamma_12,cronico,3.0
2,-75,-1.6085924161074052,spei_gamma_12,cronico,3.0
2,-74.5,-1.7389306158391191,spei_gamma_12,cronico,3.0
2,-74,-1.5451618438538908,spei_gamma_12,cronico,3.0
2,-73.5,-1.8183842967858037,spei_gamma_12,cronico,3.0
2,-73,-1.5799113200168595,spei_gamma_12,cronico,3.0
2,-72.5,-1.6284126210366774,spei_gamma_12,cronico,3.0
2,-72,-1.898540318667577,spei_gamma_12,cronico,3.0
2,-71.5,-1.768126721370237,spei_gamma_12,cronico,3.0
2,-71,-1.790357539819505,spei_gamma_12,cronico,3.0
2,-70.5,-1.424327353824971,spei_gamma_12,cronico,3.0
2,-70,-1.6644715890002684,spei_gamma_12,cronico,3.0
2,-69.5,-1.6601439170363468,spei_gamma_12,cronico,3.0
2,-69,-1.4908189939856875,spei_gamma_12,cronico,3.0
2,-68.5,-1.3821144968919667,spei_gamma_12,cronico,3.0
2,-68,-1.59605250885305,spei_gamma_12,cronico,3.0
2,-67.5,-1.583986652187004,spei_gamma_12,cronico,3.0
2.5,-79,-0.8658798645623569,spei_gamma_12,cronico,3.0
2.5,-78.5,-0.6856902251733673,spei_gamma_12,cronico,3.0
2.5,-78,-0.47725013320295456,spei_gamma_12,cronico,3.0
2.5,-77.5,-0.2125884566583556,spei_gamma_12,cronico,3.0
2.5,-77,-0.6437688552264095,spei_gamma_12,cronico,3.0
2.5,-76.5,-0.9300385541426212,spei_gamma_12,cronico,3.0
2.5,-76,-1.0733562618530126,spei_gamma_12,cronico,3.0
2.5,-75.5,-1.541357918342624,spei_gamma_12,cronico,3.0
2.5,-75,-0.8117193162057157,spei_gamma_12,cronico,3.0
2.5,-74.5,-1.7700449398447429,spei_gamma_12,cronico,3.0
2.5,-74,-1.2270879249389763,spei_gamma_12,cronico,3.0
2.5,-73.5,-1.6746900799462263,spei_gamma_12,cronico,3.0
2.5,-73,-1.5338529782643753,spei_gamma_12,cronico,3.0
2.5,-72.5,-1.7287173976526071,spei_gamma_12,cronico,3.0
2.5,-72,-1.8620552479003452,spei_gamma_12,cronico,3.0
2.5,-71.5,-1.9040860876560337,spei_gamma_12,cronico,3.0
2.5,-71,-1.808907989503473,spei_gamma_12,cronico,3.0
2.5,-70.5,-1.6747099064904636,spei_gamma_12,cronico,3.0
2.5,-70,-1.917181125780063,spei_gamma_12,cronico,3.0
2.5,-69.5,-1.8257961298758143,spei_gamma_12,cronico,3.0
2.5,-69,-1.5959136259496445,spei_gamma_12,cronico,3.0
2.5,-68.5,-1.4042088444998904,spei_gamma_12,cronico,3.0
2.5,-68,-1.471437097717174,spei_gamma_12,cronico,3.0
2.5,-67.5,-1.4170737013068773,spei_gamma_12,cronico,3.0
3,-78.5,-0.6745521058095905,spei_gamma_12,cronico,3.0
3,-78,-0.5551293243514958,spei_gamma_12,cronico,3.0
3,-77.5,-0.395054981414264,spei_gamma_12,cronico,3.0
3,-77,-0.8234010004311081,spei_gamma_12,cronico,3.0
3,-76.5,-0.8323979515977237,spei_gamma_12,cronico,3.0
3,-76,-0.9645018797085424,spei_gamma_12,cronico,3.0
3,-75.5,-1.878968585354171,spei_gamma_12,cronico,3.0
3,-75,-1.7556837326405506,spei_gamma_12,cronico,3.0
3,-74.5,-1.7572928457617047,spei_gamma_12,cronico,3.0
3,-74,-1.5158444228942238,spei_gamma_12,cronico,3.0
3,-73.5,-1.8269405013910152,spei_gamma_12,cronico,3.0
3,-73,-1.414934290343178,spei_gamma_12,cronico,3.0
3,-72.5,-1.7139182387145937,spei_gamma_12,cronico,3.0
3,-72,-1.8945547217063683,spei_gamma_12,cronico,3.0
3,-71.5,-1.976572829105255,spei_gamma_12,cronico,3.0
3,-71,-1.8594867718645856,spei_gamma_12,cronico,3.0
3,-70.5,-1.8941648937931581,spei_gamma_12,cronico,3.0
3,-70,-1.9131444603569563,spei_gamma_12,cronico,3.0
3,-69.5,-1.8528587691255236,spei_gamma_12,cronico,3.0
3,-69,-1.8407057251849748,spei_gamma_12,cronico,3.0
3,-68.5,-1.6096323428678525,spei_gamma_12,cronico,3.0
3,-68,-1.5777103495641005,spei_gamma_12,cronico,3.0
3,-67.5,-1.474804775423855,spei_gamma_12,cronico,3.0
3.5,-82,-1.380798162914315,spei_gamma_12,cronico,3.0
3.5,-77.5,-0.6068416876439896,spei_gamma_12,cronico,3.0
3.5,-77,-0.4552457270801442,spei_gamma_12,cronico,3.0
3.5,-76.5,-0.975547734489598,spei_gamma_12,cronico,3.0
3.5,-76,-0.751913978732435,spei_gamma_12,cronico,3.0
3.5,-75.5,-1.7308190227328777,spei_gamma_12,cronico,3.0
3.5,-75,-1.0907633919529949,spei_gamma_12,cronico,3.0
3.5,-74.5,-1.1962355578812378,spei_gamma_12,cronico,3.0
3.5,-74,-0.8787070949399949,spei_gamma_12,cronico,3.0
3.5,-73.5,-1.8241145659224116,spei_gamma_12,cronico,3.0
3.5,-73,-1.470050689267699,spei_gamma_12,cronico,3.0
3.5,-72.5,-1.680949111302391,spei_gamma_12,cronico,3.0
3.5,-72,-1.8510362841184955,spei_gamma_12,cronico,3.0
3.5,-71.5,-1.8703203070048655,spei_gamma_12,cronico,3.0
3.5,-71,-1.8343734676189307,spei_gamma_12,cronico,3.0
3.5,-70.5,-1.9301087481846515,spei_gamma_12,cronico,3.0
3.5,-70,-1.850814406602844,spei_gamma_12,cronico,3.0
3.5,-69.5,-1.834870211327582,spei_gamma_12,cronico,3.0
3.5,-69,-1.8533949579327256,spei_gamma_12,cronico,3.0
3.5,-68.5,-1.6287556926796052,spei_gamma_12,cronico,3.0
3.5,-68,-1.696775464769519,spei_gamma_12,cronico,3.0
3.5,-67.5,-1.5177741103673443,spei_gamma_12,cronico,3.0
4,-82,-1.3866917639346854,spei_gamma_12,cronico,3.0
4,-78,-0.6609314835986113,spei_gamma_12,cronico,3.0
4,-77.5,-0.5557956382358749,spei_gamma_12,cronico,3.0
4,-77,-0.5588520610353712,spei_gamma_12,cronico,3.0
4,-76.5,-0.7243947604288632,spei_gamma_12,cronico,3.0
4,-76,-0.9900271203336944,spei_gamma_12,cronico,3.0
4,-75.5,-1.235660679356923,spei_gamma_12,cronico,3.0
4,-75,-2.0005807402842657,spei_gamma_12,cronico,3.0
4,-74.5,-1.641564612368075,spei_gamma_12,cronico,3.0
4,-74,-0.7847742847043427,spei_gamma_12,cronico,3.0
4,-73.5,-1.7292384496398758,spei_gamma_12,cronico,3.0
4,-73,-1.670620442859326,spei_gamma_12,cronico,3.0
4,-72.5,-1.7732046704650506,spei_gamma_12,cronico,3.0
4,-72,-1.8211543020743068,spei_gamma_12,cronico,3.0
4,-71.5,-1.6962723523304315,spei_gamma_12,cronico,3.0
4,-71,-1.8777921516692215,spei_gamma_12,cronico,3.0
4,-70.5,-1.8978265070714055,spei_gamma_12,cronico,3.0
4,-70,-1.957472043897641,spei_gamma_12,cronico,3.0
4,-69.5,-1.8368870978318117,spei_gamma_12,cronico,3.0
4,-69,-2.0158858743086197,spei_gamma_12,cronico,3.0
4,-68.5,-1.8551386674632544,spei_gamma_12,cronico,3.0
4,-68,-1.8868355138015167,spei_gamma_12,cronico,3.0
4.5,-77.5,-0.4385403752235851,spei_gamma_12,cronico,3.0
4.5,-77,-0.3885214062191372,spei_gamma_12,cronico,3.0
4.5,-76.5,-0.5892645469404334,spei_gamma_12,cronico,3.0
4.5,-76,-0.896660242389238,spei_gamma_12,cronico,3.0
4.5,-75.5,-1.115683941276682,spei_gamma_12,cronico,3.0
4.5,-75,-1.6044887502211878,spei_gamma_12,cronico,3.0
4.5,-74.5,-1.9138553503583549,spei_gamma_12,cronico,3.0
4.5,-74,-1.129010713040413,spei_gamma_12,cronico,3.0
4.5,-73.5,-1.006466677456083,spei_gamma_12,cronico,3.0
4.5,-73,-1.5173660436410032,spei_gamma_12,cronico,3.0
4.5,-72.5,-1.8002800089016882,spei_gamma_12,cronico,3.0
4.5,-72,-1.8370594689079769,spei_gamma_12,cronico,3.0
4.5,-71.5,-1.6935202604379378,spei_gamma_12,cronico,3.0
4.5,-71,-1.791704761064222,spei_gamma_12,cronico,3.0
4.5,-70.5,-1.9131112724189547,spei_gamma_12,cronico,3.0
4.5,-70,-1.8948534442996712,spei_gamma_12,cronico,3.0
4.5,-69.5,-1.8715470815504105,spei_gamma_12,cronico,3.0
4.5,-69,-1.98337666291424,spei_gamma_12,cronico,3.0
4.5,-68.5,-2.019068293443305,spei_gamma_12,cronico,3.0
4.5,-68,-1.8429372754664952,spei_gamma_12,cronico,3.0
5,-78,-0.5304084942799564,spei_gamma_12,cronico,3.0
5,-77.5,-0.2837720043882805,spei_gamma_12,cronico,3.0
5,-77,-0.568916667899542,spei_gamma_12,cronico,3.0
5,-76.5,-0.636921198847649,spei_gamma_12,cronico,3.0
5,-76,-1.2715386057336793,spei_gamma_12,cronico,3.0
5,-75.5,-1.012081081549606,spei_gamma_12,cronico,3.0
5,-75,-1.4636986677068224,spei_gamma_12,cronico,3.0
5,-74.5,-1.69338586948434,spei_gamma_12,cronico,3.0
5,-74,-1.4481512743242928,spei_gamma_12,cronico,3.0
5,-73.5,-1.6098427251472684,spei_gamma_12,cronico,3.0
5,-73,-1.0016103225523911,spei_gamma_12,cronico,3.0
5,-72.5,-1.4619546615197714,spei_gamma_12,cronico,3.0
5,-72,-2.0235649386193533,spei_gamma_12,cronico,3.0
5,-71.5,-1.946379079895859,spei_gamma_12,cronico,3.0
5,-71,-1.8702220424185592,spei_gamma_12,cronico,3.0
5,-70.5,-1.8251996660322756,spei_gamma_12,cronico,3.0
5,-70,-1.9464522063981788,spei_gamma_12,cronico,3.0
5,-69.5,-1.8072180705534235,spei_gamma_12,cronico,3.0
5,-69,-1.9956846855573656,spei_gamma_12,cronico,3.0
5,-68.5,-2.1127391882651523,spei_gamma_12,cronico,3.0
5,-68,-2.281657317643835,spei_gamma_12,cronico,3.0
5.5,-78,-0.43622342828197175,spei_gamma_12,cronico,3.0
5.5,-77.5,-0.2810542996642081,spei_gamma_12,cronico,3.0
5.5,-77,-0.5572132103501898,spei_gamma_12,cronico,3.0
5.5,-76.5,-0.6280362877266789,spei_gamma_12,cronico,3.0
5.5,-76,-0.8888980378505235,spei_gamma_12,cronico,3.0
5.5,-75.5,-0.9331114606432936,spei_gamma_12,cronico,3.0
5.5,-75,-1.367908136323763,spei_gamma_12,cronico,3.0
5.5,-74.5,-1.6602107800403227,spei_gamma_12,cronico,3.0
5.5,-74,-0.891478017617712,spei_gamma_12,cronico,3.0
5.5,-73.5,-1.2127946521017294,spei_gamma_12,cronico,3.0
5.5,-73,-1.267566280527492,spei_gamma_12,cronico,3.0
5.5,-72.5,-1.1056997635886956,spei_gamma_12,cronico,3.0
5.5,-72,-1.828806914865343,spei_gamma_12,cronico,3.0
5.5,-71.5,-2.0145873957811826,spei_gamma_12,cronico,3.0
5.5,-71,-1.9695639872757391,spei_gamma_12,cronico,3.0
5.5,-70.5,-1.960689119109446,spei_gamma_12,cronico,3.0
5.5,-70,-2.048489678283297,spei_gamma_12,cronico,3.0
5.5,-69.5,-1.9161458986683533,spei_gamma_12,cronico,3.0
5.5,-69,-2.1052857623520165,spei_gamma_12,cronico,3.0
5.5,-68.5,-2.2004809251570907,spei_gamma_12,cronico,3.0
5.5,-68,-2.396330905493668,spei_gamma_12,cronico,3.0
5.5,-67.5,-2.4168142313376486,spei_gamma_12,cronico,3.0
6,-77.5,-0.2181335307500308,spei_gamma_12,cronico,3.0
6,-77,-0.5467207495578973,spei_gamma_12,cronico,3.0
6,-76.5,-1.121547610268704,spei_gamma_12,cronico,3.0
6,-76,-1.1373877599140136,spei_gamma_12,cronico,3.0
6,-75.5,-0.8466795565311647,spei_gamma_12,cronico,3.0
6,-75,-1.3937680317115757,spei_gamma_12,cronico,3.0
6,-74.5,-1.7090917805819443,spei_gamma_12,cronico,3.0
6,-74,-1.0909017979160818,spei_gamma_12,cronico,3.0
6,-73.5,-1.3479978177891394,spei_gamma_12,cronico,3.0
6,-73,-1.6090333574330118,spei_gamma_12,cronico,3.0
6,-72.5,-1.306578816537518,spei_gamma_12,cronico,3.0
6,-72,-1.5070127305357763,spei_gamma_12,cronico,3.0
6,-71.5,-1.8907233710047464,spei_gamma_12,cronico,3.0
6,-71,-2.1519611139324195,spei_gamma_12,cronico,3.0
6,-70.5,-2.171983547845448,spei_gamma_12,cronico,3.0
6,-70,-2.2465572168841503,spei_gamma_12,cronico,3.0
6,-69.5,-2.1745691527222584,spei_gamma_12,cronico,3.0
6,-69,-2.369555611465379,spei_gamma_12,cronico,3.0
6,-68.5,-2.3406436621531355,spei_gamma_12,cronico,3.0
6,-68,-2.382436129801066,spei_gamma_12,cronico,3.0
6,-67.5,-2.3841668015687305,spei_gamma_12,cronico,3.0
6.5,-78,-0.2326008255444332,spei_gamma_12,cronico,3.0
6.5,-77.5,-0.26107749330392976,spei_gamma_12,cronico,3.0
6.5,-77,-0.6705504112913542,spei_gamma_12,cronico,3.0
6.5,-76.5,-1.2022990967815856,spei_gamma_12,cronico,3.0
6.5,-76,-0.8275245108254569,spei_gamma_12,cronico,3.0
6.5,-75.5,-0.7934076051147836,spei_gamma_12,cronico,3.0
6.5,-75,-1.433810390446233,spei_gamma_12,cronico,3.0
6.5,-74.5,-1.7584765042881223,spei_gamma_12,cronico,3.0
6.5,-74,-1.6711113851297852,spei_gamma_12,cronico,3.0
6.5,-73.5,-1.820202859116734,spei_gamma_12,cronico,3.0
6.5,-73,-1.2014285780443172,spei_gamma_12,cronico,3.0
6.5,-72.5,-1.0690672160493222,spei_gamma_12,cronico,3.0
6.5,-72,-1.5996395582711809,spei_gamma_12,cronico,3.0
6.5,-71.5,-2.0872142135589407,spei_gamma_12,cronico,3.0
6.5,-71,-2.1757301073511788,spei_gamma_12,cronico,3.0
6.5,-70.5,-2.155080467955659,spei_gamma_12,cronico,3.0
6.5,-70,-2.3257514414785128,spei_gamma_12,cronico,3.0
7,-78,-0.6106071856636396,spei_gamma_12,cronico,3.0
7,-77.5,-0.5121945129342282,spei_gamma_12,cronico,3.0
7,-77,-1.008348673726113,spei_gamma_12,cronico,3.0
7,-76.5,-1.2526408707566206,spei_gamma_12,cronico,3.0
7,-76,-0.3968706500420583,spei_gamma_12,cronico,3.0
7,-75.5,-0.8034421769458311,spei_gamma_12,cronico,3.0
7,-75,-1.2477680575609162,spei_gamma_12,cronico,3.0
7,-74.5,-1.2847367626967612,spei_gamma_12,cronico,3.0
7,-74,-1.8535566962754015,spei_gamma_12,cronico,3.0
7,-73.5,-1.4834768771165283,spei_gamma_12,cronico,3.0
7,-73,-1.2285679527598494,spei_gamma_12,cronico,3.0
7,-72.5,-1.0458276837538478,spei_gamma_12,cronico,3.0
7,-72,-2.0408161793519937,spei_gamma_12,cronico,3.0
7,-71.5,-2.235441024448207,spei_gamma_12,cronico,3.0
7,-71,-2.2754055821293577,spei_gamma_12,cronico,3.0
7,-70.5,-2.211445589728462,spei_gamma_12,cronico,3.0
7.5,-78,-0.6055630286235677,spei_gamma_12,cronico,3.0
7.5,-77.5,-0.8818165209484701,spei_gamma_12,cronico,3.0
7.5,-77,-1.249417517560679,spei_gamma_12,cronico,3.0
7.5,-76.5,-1.4060709202238295,spei_gamma_12,cronico,3.0
7.5,-76,-1.1228171016735655,spei_gamma_12,cronico,3.0
7.5,-75.5,-1.2768496613257674,spei_gamma_12,cronico,3.0
7.5,-75,-1.1630786532633317,spei_gamma_12,cronico,3.0
7.5,-74.5,-1.2952136947065207,spei_gamma_12,cronico,3.0
7.5,-74,-1.8331356445220608,spei_gamma_12,cronico,3.0
7.5,-73.5,-1.1267235137184102,spei_gamma_12,cronico,3.0
7.5,-73,-0.7030720839485756,spei_gamma_12,cronico,3.0
7.5,-72.5,-1.3494874735025562,spei_gamma_12,cronico,3.0
8,-78.5,-1.290931461374743,spei_gamma_12,cronico,3.0
8,-77.5,-0.6726228278933875,spei_gamma_12,cronico,3.0
8,-77,-1.149866005353776,spei_gamma_12,cronico,3.0
8,-76.5,-1.4737070107508032,spei_gamma_12,cronico,3.0
8,-76,-1.841787642307524,spei_gamma_12,cronico,3.0
8,-75.5,-1.6973323790049415,spei_gamma_12,cronico,3.0
8,-75,-1.469869451467085,spei_gamma_12,cronico,3.0
8,-74.5,-1.3645343580418343,spei_gamma_12,cronico,3.0
8,-74,-1.8359344642059643,spei_gamma_12,cronico,3.0
8,-73.5,-0.8483842641033847,spei_gamma_12,cronico,3.0
8,-73,-1.215274652323605,spei_gamma_12,cronico,3.0
8,-72.5,-1.5903450359530873,spei_gamma_12,cronico,3.0
8.5,-77.5,-0.8479927266965849,spei_gamma_12,cronico,3.0
8.5,-77,-1.770745000848133,spei_gamma_12,cronico,3.0
8.5,-76.5,-1.744255022222586,spei_gamma_12,cronico,3.0
8.5,-76,-1.7037141521935788,spei_gamma_12,cronico,3.0
8.5,-75.5,-1.6712001796368228,spei_gamma_12,cronico,3.0
8.5,-75,-1.5608716560114329,spei_gamma_12,cronico,3.0
8.5,-74.5,-1.6309588392175716,spei_gamma_12,cronico,3.0
8.5,-74,-1.874306905614036,spei_gamma_12,cronico,3.0
8.5,-73.5,-0.9316907824483917,spei_gamma_12,cronico,3.0
8.5,-73,-1.4476726007580314,spei_gamma_12,cronico,3.0
9,-77.5,-1.981760409032869,spei_gamma_12,cronico,3.0
9,-77,-1.9296658272230944,spei_gamma_12,cronico,3.0
9,-76.5,-1.9148667338266852,spei_gamma_12,cronico,3.0
9,-76,-1.8351065028498608,spei_gamma_12,cronico,3.0
9,-75.5,-1.7719517073846478,spei_gamma_12,cronico,3.0
9,-75,-1.849750924449531,spei_gamma_12,cronico,3.0
9,-74.5,-2.050198352734242,spei_gamma_12,cronico,3.0
9,-74,-2.0618652549446916,spei_gamma_12,cronico,3.0
9,-73.5,-1.1210314355849516,spei_gamma_12,cronico,3.0
9,-73,-1.8503813714658044,spei_gamma_12,cronico,3.0
9.5,-76,-2.107587100840161,spei_gamma_12,cronico,3.0
9.5,-75.5,-1.6436222800342035,spei_gamma_12,cronico,3.0
9.5,-75,-2.087521506959135,spei_gamma_12,cronico,3.0
9.5,-74.5,-2.2721135992260866,spei_gamma_12,cronico,3.0
9.5,-74,-2.190266298358482,spei_gamma_12,cronico,3.0
9.5,-73.5,-1.398407517336128,spei_gamma_12,cronico,3.0
9.5,-73,-1.874940106200731,spei_gamma_12,cronico,3.0
10,-76,-1.952858153768233,spei_gamma_12,cronico,3.0
10,-75.5,-1.661348922284521,spei_gamma_12,cronico,3.0
10,-75,-1.8829690916885176,spei_gamma_12,cronico,3.0
10,-74.5,-1.8560480849930552,spei_gamma_12,cronico,3.0
10,-74,-1.2924707406103542,spei_gamma_12,cronico,3.0
10,-73.5,-1.2183618220396435,spei_gamma_12,cronico,3.0
10,-73,-0.789192681505884,spei_gamma_12,cronico,3.0
10.5,-76,-2.0238376317528295,spei_gamma_12,cronico,3.0
10.5,-75.5,-1.9148267128078105,spei_gamma_12,cronico,3.0
10.5,-75,-2.192984185915705,spei_gamma_12,cronico,3.0
10.5,-74.5,-1.898116673179097,spei_gamma_12,cronico,3.0
10.5,-74,-0.6767076727445303,spei_gamma_12,cronico,3.0
10.5,-73.5,-0.9656484041389828,spei_gamma_12,cronico,3.0
10.5,-73,-1.3885818111739945,spei_gamma_12,cronico,3.0
11,-75,-2.0609744518038307,spei_gamma_12,cronico,3.0
11,-74.5,-1.0035285919091057,spei_gamma_12,cronico,3.0
11,-74,-0.8602250020209655,spei_gamma_12,cronico,3.0
11,-73.5,-1.153319103842848,spei_gamma_12,cronico,3.0
11,-73,-1.479298057441691,spei_gamma_12,cronico,3.0
11,-72.5,-1.5975744183719485,spei_gamma_12,cronico,3.0
11.5,-73.5,-2.271487106753572,spei_gamma_12,cronico,3.0
11.5,-73,-2.275616246916478,spei_gamma_12,cronico,3.0
11.5,-72.5,-2.2791328994581947,spei_gamma_12,cronico,3.0
11.5,-72,-2.2033018827009583,spei_gamma_12,cronico,3.0
11.5,-71.5,-2.163235196644347,spei_gamma_12,cronico,3.0
11.5,-71,-2.1210184937683656,spei_gamma_12,cronico,3.0
12,-82,-2.022859234315055,spei_gamma_12,cronico,3.0
12,-72.5,-2.2135022428387456,spei_gamma_12,cronico,3.0
12,-72,-2.1796821271336886,spei_gamma_12,cronico,3.0
12,-71.5,-2.164211652714226,spei_gamma_12,cronico,3.0
12,-71,-2.1053564253841466,spei_gamma_12,cronico,3.0
12.5,-82,-2.028576489238191,spei_gamma_12,cronico,3.0
13,-81.5,-2.0539685837344592,spei_gamma_12,cronico,3.0
14,-80.5,-2.234185223483692,spei_gamma_12,cronico,3.0
15.5,-80,-2.196432089210065,spei_gamma_12,cronico,3.0
15.5,-79,-2.1849952235864167,spei_gamma_12,cronico,3.0
